Genotype 1,Genotype 2,pval
Zim53;765_none,Zim53;765_chr2,4.797782068244727e-5
Zim53;765_none,Zim53;765_chr3,6.977792547757055e-107
Zim53;765_none,"Zim53;765_chr2,3",2.591837618084772e-176
Zim53;765_chr2,Zim53;765_chr3,1.1949793614649836e-57
Zim53;765_chr2,"Zim53;765_chr2,3",4.547609734744999e-137
Zim53;765_chr3,"Zim53;765_chr2,3",1.4226125383273037e-44
