Genotype,Marker,Mean,SEM,Median
line_765-hybrid,none,70.68656716417911,0.9828940494778614,66
line_765-hybrid,chr2,85.35,1.2947168952489092,84
line_765-hybrid,chr3,68.08290155440415,0.9571245088808509,66
line_765-hybrid,"chr2,3",96.91084337349398,1.479611670844962,90
Zim53;765,none,27.4364896073903,0.5490443547884124,24
Zim53;765,chr2,30.857142857142858,0.7549037936116956,30
Zim53;765,chr3,49.48728813559322,0.7262467231334168,48
Zim53;765,"chr2,3",67.1355140186916,0.9130108715535681,66
